{"stats":{"minecraft:crafted":{"minecraft:oak_planks":20},"minecraft:mined":{"minecraft:oak_log":5},"minecraft:custom":{"minecraft:jump":12,"minecraft:time_since_rest":8036,"minecraft:leave_game":1,"minecraft:crouch_one_cm":220,"minecraft:sprint_one_cm":1975,"minecraft:play_time":8036,"minecraft:time_since_death":8036,"minecraft:walk_one_cm":2020,"minecraft:sneak_time":41,"minecraft:total_world_time":8036,"minecraft:fall_one_cm":269,"minecraft:fly_one_cm":1321},"minecraft:picked_up":{"minecraft:oak_log":5}},"DataVersion":3953}